<?xml version="1.0" encoding="UTF-8"?>

<!-- 
 * security.xml
 *
 * Copyright (C) 2017 Universidad de Sevilla
 * 
 * The use of this project is hereby constrained to the conditions of the 
 * TDG Licence, a copy of which you may download from 
 * http://www.tdg-seville.info/License.html
 -->

<beans xmlns="http://www.springframework.org/schema/beans"
	xmlns:xsi="http://www.w3.org/2001/XMLSchema-instance" xmlns:security="http://www.springframework.org/schema/security"	
	xsi:schemaLocation="
		http://www.springframework.org/schema/beans http://www.springframework.org/schema/beans/spring-beans-4.0.xsd		
        http://www.springframework.org/schema/security http://www.springframework.org/schema/security/spring-security-3.2.xsd
    ">

	<!-- Security infrastructure -->

	<bean id="loginService" class="security.LoginService" />

	<bean id="passwordEncoder"
		class="org.springframework.security.authentication.encoding.Md5PasswordEncoder" />

	<!-- Access control -->

	<security:http auto-config="true" use-expressions="true">
		<security:intercept-url pattern="/" access="permitAll" /> 

		<security:intercept-url pattern="/favicon.ico" access="permitAll" /> 
		<security:intercept-url pattern="/images/**" access="permitAll" /> 
		<security:intercept-url pattern="/scripts/**" access="permitAll" /> 
		<security:intercept-url pattern="/styles/**" access="permitAll" /> 

		<security:intercept-url pattern="/views/misc/index.jsp" access="permitAll" /> 

		<security:intercept-url pattern="/security/login.do" access="permitAll" /> 
		<security:intercept-url pattern="/security/loginFailure.do" access="permitAll" /> 

		<security:intercept-url pattern="/welcome/index.do" access="permitAll" /> 
		<security:intercept-url pattern="/misc/terms.do" access="permitAll" />
		<security:intercept-url pattern="/misc/contact.do" access="permitAll" /> 
		<security:intercept-url pattern="/misc/cookies.do" access="permitAll" /> 

		<security:intercept-url pattern="/administrator/action-1.do" access="hasRole('ADMIN')" /> 
		<security:intercept-url pattern="/administrator/action-2.do" access="hasRole('ADMIN')" /> 
		<security:intercept-url pattern="/configuration/admin/**" access="hasRole('ADMIN')" /> 

		<security:intercept-url pattern="/customer/action-1.do" access="hasRole('CUSTOMER')" /> 
		<security:intercept-url pattern="/customer/action-2.do" access="hasRole('CUSTOMER')" /> 

		<security:intercept-url pattern="/profile/action-1.do" access="isAuthenticated()" /> 
		<security:intercept-url pattern="/profile/action-2.do" access="isAuthenticated()" /> 
		<security:intercept-url pattern="/profile/action-3.do" access="isAuthenticated()" /> 
	
		<security:intercept-url pattern="/folder/**" access="isAuthenticated()" /> 
		<security:intercept-url pattern="/message/actor/**" access="isAuthenticated()" /> 
		<security:intercept-url pattern="/message/admin/**" access="hasRole('ADMIN')" /> 
		<security:intercept-url pattern="/mechanic/create.do" access="isAnonymous()" /> 
		<security:intercept-url pattern="/mechanic/save.do" access="isAnonymous()" /> 
		<security:intercept-url pattern="/mechanic/display.do" access="permitAll" /> 
		<security:intercept-url pattern="/mechanic/mechanic/**" access="hasRole('MECHANIC')" /> 
		<security:intercept-url pattern="/repairShop/list.do" access="permitAll" />
		<security:intercept-url pattern="/repairShop/display.do" access="permitAll" />
		<security:intercept-url pattern="/repairShop/search.do" access="permitAll" />
		<security:intercept-url pattern="/repairShop/list-search.do" access="permitAll" />
		<security:intercept-url pattern="/repairShop/mechanic/**" access="hasRole('MECHANIC')" />
		<security:intercept-url pattern="/repairShop/admin/**" access="hasRole('ADMIN')" />
		<security:intercept-url pattern="/repairShop/user/**" access="hasRole('USER')" />
		<security:intercept-url pattern="/repairShop/driver/**" access="hasRole('DRIVER')" />		
		<security:intercept-url pattern="/service/mechanic/**" access="hasRole('MECHANIC')" />
		<security:intercept-url pattern="/reservation/mechanic/**" access="hasRole('MECHANIC')" />
		<security:intercept-url pattern="/reservation/user/**" access="hasRole('USER')" />
		<security:intercept-url pattern="/car/**"	access="permitAll" />
		<security:intercept-url pattern="/car/admin/**" access="hasRole('ADMIN')" />
		<security:intercept-url pattern="/car/driver/**" access="hasRole('DRIVER')"/>
		<security:intercept-url pattern="/announcement/user/**" access="hasRole('USER')"/>
		<security:intercept-url pattern="/announcement/admin/**" access="hasRole('ADMIN')"/>
		<security:intercept-url pattern="/announcement/**" access="permitAll"/>
		<security:intercept-url pattern="/admin/**" access="permitAll"/>
		<security:intercept-url pattern="/admin/admin/**" access="hasRole('ADMIN')"/>
		
		<security:intercept-url pattern="/review/mechanic/**" access="hasRole('MECHANIC')" />
		<security:intercept-url pattern="/review/admin/**" access="hasRole('ADMIN')" />
		<security:intercept-url pattern="/review/driver/**" access="hasRole('DRIVER')" />
		<security:intercept-url pattern="/review/user/**" access="hasRole('USER')" />
		<security:intercept-url pattern="/review/**" access="permitAll" />
		<security:intercept-url pattern="/driver/user/**" access="hasRole('USER')" />
		<security:intercept-url pattern="/driver/**" access="permitAll" />
		<security:intercept-url pattern="/sponsor/sponsor/**" access="hasRole('SPONSOR')" />
		<security:intercept-url pattern="/sponsorship/sponsor/**" access="hasRole('SPONSOR')" /> 
		<security:intercept-url pattern="/sponsorship/admin/**" access="hasRole('ADMIN')" />
		<security:intercept-url pattern="/sponsor/**" access="permitAll" /> 
		 
		
		<security:intercept-url pattern="/idNumberPattern/**" access="hasRole('ADMIN')" /> 
		
		<security:intercept-url pattern="/spamWord/**" access="hasRole('ADMIN')" />
		<security:intercept-url pattern="/actor/actor/**" access="isAuthenticated()" />
		<security:intercept-url pattern="/actor/admin/**" access="hasRole('ADMIN')" />
		<security:intercept-url pattern="/actor/**" access="permitAll" />
		<security:intercept-url pattern="/report/actor/**" access="isAuthenticated()" />
		<security:intercept-url pattern="/report/admin/**" access="hasRole('ADMIN')" />
		<security:intercept-url pattern="/request/user/**" access="hasRole('USER')" />
		<security:intercept-url pattern="/request/driver/**" access="hasRole('DRIVER')" />
		<security:intercept-url pattern="/request/admin/**" access="hasRole('ADMIN')" />
		<security:intercept-url pattern="/comment/user/**" access="hasRole('USER')" />
		<security:intercept-url pattern="/comment/admin/**" access="hasRole('ADMIN')" />	
		<security:intercept-url pattern="/user/user/**" access="hasRole('USER')" />	
		<security:intercept-url pattern="/user/**" access="permitAll" />		
		<security:intercept-url pattern="/**" access="hasRole('NONE')" />

		<security:form-login 
			login-page="/security/login.do"
			password-parameter="password" 
			username-parameter="username"
			authentication-failure-url="/security/loginFailure.do" />

		<security:logout 
			logout-success-url="/" 
			invalidate-session="true" />
	</security:http>

</beans>